ID_EDESP;TIPO_ESTACIONAMENTO;DESTINACAO_ESPECIFICA;DIA_REGRA_OPERACAO;PERIODO_VALIDO_REGRA_OPERACAO;NUMERO_VAGAS_FISICAS;NUMERO_VAGAS_ROTATIVAS;TEMPO_PERMANENCIA;TIPO_LOGRADOURO;LOGRADOURO;REFERENCIA_LOGRADOURO;BAIRRO;GEOMETRIA
355;ROTATIVO;MOTOFRETE;SEGUNDA A SEXTA;08:00 ÀS 18:00 H ;8;80;1 HORA(S);AVENIDA;VISCONDE DE IBITURUNA;ENTRE AVE AFONSO VAZ DE MELO E RUA DESEMBARGADOR RIBEIRO DA LUZ;BARREIRO;POINT (602920.55 7791160.91)
356;ROTATIVO;MOTOFRETE;SÁBADO;08:00 ÀS 13:00 H ;8;40;1 HORA(S);AVENIDA;VISCONDE DE IBITURUNA;ENTRE AVE AFONSO VAZ DE MELO E RUA DESEMBARGADOR RIBEIRO DA LUZ;BARREIRO;POINT (602920.55 7791160.91)
370;ROTATIVO;MOTOFRETE;SEGUNDA A SEXTA;08:00 ÀS 18:00 H ;18;180;1 HORA(S);RUA;RIO DE JANEIRO;ENTRE RUA DOS TAMOIOS E RUA DOS TUPIS;CENTRO;POINT (611047.50 7796957.12)
371;ROTATIVO;MOTOFRETE;SÁBADO;08:00 ÀS 13:00 H ;18;90;1 HORA(S);RUA;RIO DE JANEIRO;ENTRE RUA DOS TAMOIOS E RUA DOS TUPIS;CENTRO;POINT (611047.50 7796957.12)
377;ROTATIVO;MOTOFRETE;SEGUNDA A SEXTA;08:00 ÀS 18:00 H ;10;100;1 HORA(S);RUA;ESPIRITO SANTO;ENTRE RUA DOS GOITACAZES E RUA DOS TUPIS;CENTRO;POINT (611149.57 7796793.31)
378;ROTATIVO;MOTOFRETE;SÁBADO;08:00 ÀS 13:00 H ;10;50;1 HORA(S);RUA;ESPIRITO SANTO;ENTRE RUA DOS GOITACAZES E RUA DOS TUPIS;CENTRO;POINT (611149.57 7796793.31)
386;ROTATIVO;MOTOFRETE;SEGUNDA A SEXTA;08:00 ÀS 18:00 H ;19;190;1 HORA(S);RUA;DESEMBARGADOR RIBEIRO DA LUZ;ENTRE RUA FLAVIO MARQUES LISBOA E AVE VISCONDE DE IBITURUNA;BARREIRO;POINT (602992.54 7791137.00)
387;ROTATIVO;MOTOFRETE;SÁBADO;08:00 ÀS 13:00 H ;19;95;1 HORA(S);RUA;DESEMBARGADOR RIBEIRO DA LUZ;ENTRE RUA FLAVIO MARQUES LISBOA E AVE VISCONDE DE IBITURUNA;BARREIRO;POINT (602992.54 7791137.00)
447;ROTATIVO;MOTOFRETE;SEGUNDA A SEXTA;08:00 ÀS 18:00 H ;10;100;1 HORA(S);RUA;AQUILES LOBO;ENTRE AVE FRANCISCO SALES E RUA DO ITAMBE;FLORESTA;POINT (611920.00 7797037.02)
448;ROTATIVO;MOTOFRETE;SÁBADO;08:00 ÀS 13:00 H ;10;50;1 HORA(S);RUA;AQUILES LOBO;ENTRE AVE FRANCISCO SALES E RUA DO ITAMBE;FLORESTA;POINT (611920.00 7797037.02)
337;ROTATIVO;MOTOFRETE;SEGUNDA A SEXTA;08:00 ÀS 18:00 H ;12;120;1 HORA(S);RUA;ALABANDINA;ENTRE RUA PRINCESA ELIZABETH E PCA COMENDADOR MANOEL SENDAS;CAIÇARAS;POINT (607925.62 7800253.15)
338;ROTATIVO;MOTOFRETE;SÁBADO;08:00 ÀS 13:00 H ;12;60;1 HORA(S);RUA;ALABANDINA;ENTRE RUA PRINCESA ELIZABETH E PCA COMENDADOR MANOEL SENDAS;CAIÇARAS;POINT (607925.62 7800253.15)
7;ROTATIVO;MOTOFRETE;SEGUNDA A SEXTA;08:00 ÀS 18:00 H ;8;80;1 HORA(S);RUA;PADRE PEDRO PINTO;ENTRE RUA HYLDEU SANTOS FIGUEIREDO E RUA VALTER CAMPOLINA DINIZ;VENDA NOVA;POINT (608511.26 7808937.35)
8;ROTATIVO;MOTOFRETE;SÁBADO;08:00 ÀS 13:00 H ;8;40;1 HORA(S);RUA;PADRE PEDRO PINTO;ENTRE RUA HYLDEU SANTOS FIGUEIREDO E RUA VALTER CAMPOLINA DINIZ;VENDA NOVA;POINT (608511.26 7808937.35)
75;ROTATIVO;MOTOFRETE;SÁBADO;08:00 ÀS 13:00 H ;9;45;1 HORA(S);RUA;DESEMBARGADOR JORGE FONTANA;ENTRE RUA MAESTRO ARTHUR BOSMANS E RUA SEBASTIAO FABIANO DIAS;BELVEDERE;POINT (610494.29 7790799.21)
76;ROTATIVO;MOTOFRETE;SEGUNDA A SEXTA;08:00 ÀS 18:00 H ;9;90;1 HORA(S);RUA;DESEMBARGADOR JORGE FONTANA;ENTRE RUA MAESTRO ARTHUR BOSMANS E RUA SEBASTIAO FABIANO DIAS;BELVEDERE;POINT (610494.29 7790799.21)
115;ROTATIVO;MOTOFRETE;SEGUNDA A SEXTA;08:00 ÀS 18:00 H ;8;80;1 HORA(S);RUA;ORANGE;ENTRE RUA LAVRAS E RUA PADRE ODORICO;SÃO PEDRO;POINT (611437.38 7794681.32)
116;ROTATIVO;MOTOFRETE;SÁBADO;08:00 ÀS 13:00 H ;8;40;1 HORA(S);RUA;ORANGE;ENTRE RUA LAVRAS E RUA PADRE ODORICO;SÃO PEDRO;POINT (611437.38 7794681.32)
119;ROTATIVO;MOTOFRETE;SEGUNDA A SEXTA;08:00 ÀS 18:00 H ;12;120;1 HORA(S);AVENIDA;BRASIL;ENTRE RUA PADRE MARINHO E AVE FRANCISCO SALES;SANTA EFIGÊNIA;POINT (612503.55 7796351.92)
120;ROTATIVO;MOTOFRETE;SÁBADO;08:00 ÀS 13:00 H ;12;60;1 HORA(S);AVENIDA;BRASIL;ENTRE RUA PADRE MARINHO E AVE FRANCISCO SALES;SANTA EFIGÊNIA;POINT (612503.55 7796351.92)
201;ROTATIVO;MOTOFRETE;SEGUNDA A SEXTA;08:00 ÀS 18:00 H ;8;80;1 HORA(S);RUA;ANTONIO DE ALBUQUERQUE;ENTRE RUA SERGIPE E RUA LEVINDO LOPES;SAVASSI;POINT (611006.62 7795116.85)
202;ROTATIVO;MOTOFRETE;SÁBADO;08:00 ÀS 13:00 H ;8;40;1 HORA(S);RUA;ANTONIO DE ALBUQUERQUE;ENTRE RUA SERGIPE E RUA LEVINDO LOPES;SAVASSI;POINT (611006.62 7795116.85)
670;ROTATIVO;MOTOFRETE;SEGUNDA A SEXTA;08:00 ÀS 18:00 H ;7;70;1 HORA(S);AVENIDA;PASTEUR;ENTRE RUA RIO GRANDE DO NORTE E AVE CARANDAI;SANTA EFIGÊNIA;POINT (612085.42 7796209.14)
671;ROTATIVO;MOTOFRETE;SÁBADO;08:00 ÀS 13:00 H ;7;35;1 HORA(S);AVENIDA;PASTEUR;ENTRE RUA RIO GRANDE DO NORTE E AVE CARANDAI;SANTA EFIGÊNIA;POINT (612085.42 7796209.14)
513;ROTATIVO;MOTOFRETE;SEGUNDA A SEXTA;08:00 ÀS 18:00 H ;10;100;1 HORA(S);RUA;PROFESSOR OCTAVIANO DE ALMEIDA;ENTRE RUA PACIFICO MASCARENHAS E RUA PONTA PORA;SANTA EFIGÊNIA;POINT (612921.77 7796865.25)
514;ROTATIVO;MOTOFRETE;SÁBADO;08:00 ÀS 13:00 H ;10;50;1 HORA(S);RUA;PROFESSOR OCTAVIANO DE ALMEIDA;ENTRE RUA PACIFICO MASCARENHAS E RUA PONTA PORA;SANTA EFIGÊNIA;POINT (612921.77 7796865.25)
524;ROTATIVO;MOTOFRETE;SEGUNDA A SEXTA;08:00 ÀS 18:00 H ;6;60;1 HORA(S);RUA;RIO GRANDE DO NORTE;ENTRE RUA DOS AIMORES E AVE AFONSO PENA;FUNCIONÁRIOS;POINT (611891.14 7795808.21)
525;ROTATIVO;MOTOFRETE;SÁBADO;08:00 ÀS 13:00 H ;6;30;1 HORA(S);RUA;RIO GRANDE DO NORTE;ENTRE RUA DOS AIMORES E AVE AFONSO PENA;FUNCIONÁRIOS;POINT (611891.14 7795808.21)
550;ROTATIVO;MOTOFRETE;SEGUNDA A SEXTA;08:00 ÀS 18:00 H ;7;70;1 HORA(S);AVENIDA;GETULIO VARGAS;ENTRE RUA PARAIBA E AVE CRISTOVAO COLOMBO;SAVASSI;POINT (611527.56 7795100.87)
551;ROTATIVO;MOTOFRETE;SÁBADO;08:00 ÀS 13:00 H ;7;35;1 HORA(S);AVENIDA;GETULIO VARGAS;ENTRE RUA PARAIBA E AVE CRISTOVAO COLOMBO;SAVASSI;POINT (611527.56 7795100.87)
555;ROTATIVO;MOTOFRETE;SEGUNDA A SEXTA;08:00 ÀS 18:00 H ;7;70;1 HORA(S);AVENIDA;AFONSO VAZ DE MELO;ENTRE RUA AGNELO MACEDO E RUA BENEDITO SANTOS;BARREIRO;POINT (602465.28 7791057.89)
556;ROTATIVO;MOTOFRETE;SÁBADO;08:00 ÀS 13:00 H ;7;35;1 HORA(S);AVENIDA;AFONSO VAZ DE MELO;ENTRE RUA AGNELO MACEDO E RUA BENEDITO SANTOS;BARREIRO;POINT (602465.28 7791057.89)
564;ROTATIVO;MOTOFRETE;SEGUNDA A SEXTA;08:00 ÀS 18:00 H ;15;150;1 HORA(S);AVENIDA;ALVARES CABRAL;ENTRE AVE DO CONTORNO E RUA SANTOS BARRETO;SANTO AGOSTINHO;POINT (609827.04 7795571.90)
565;ROTATIVO;MOTOFRETE;SÁBADO;08:00 ÀS 13:00 H ;15;75;1 HORA(S);AVENIDA;ALVARES CABRAL;ENTRE AVE DO CONTORNO E RUA SANTOS BARRETO;SANTO AGOSTINHO;POINT (609827.04 7795571.90)
645;ROTATIVO;MOTOFRETE;SEGUNDA A SEXTA;08:00 ÀS 18:00 H ;8;80;1 HORA(S);PRACA;MILTON CAMPOS;ENTRE AVE DO CONTORNO E RUA CAETANO DIAS;SERRA;POINT (612427.10 7794864.22)
646;ROTATIVO;MOTOFRETE;SÁBADO;08:00 ÀS 13:00 H ;8;40;1 HORA(S);PRACA;MILTON CAMPOS;ENTRE AVE DO CONTORNO E RUA CAETANO DIAS;SERRA;POINT (612427.10 7794864.22)
658;ROTATIVO;MOTOFRETE;SEGUNDA A SEXTA;08:00 ÀS 18:00 H ;8;80;1 HORA(S);AVENIDA;FRANCISCO SALES;ENTRE RUA PADRE ROLIM E AVE CARANDAI;SANTA EFIGÊNIA;POINT (612623.79 7796023.73)
659;ROTATIVO;MOTOFRETE;SÁBADO;08:00 ÀS 13:00 H ;8;40;1 HORA(S);AVENIDA;FRANCISCO SALES;ENTRE RUA PADRE ROLIM E AVE CARANDAI;SANTA EFIGÊNIA;POINT (612623.79 7796023.73)
710;ROTATIVO;MOTOFRETE;SEGUNDA A SEXTA;08:00 ÀS 18:00 H ;10;100;1 HORA(S);AVENIDA;AMAZONAS;ENTRE AVE AFONSO PENA E RUA SAO PAULO;CENTRO;POINT (611045.15 7797094.09)
711;ROTATIVO;MOTOFRETE;SÁBADO;08:00 ÀS 13:00 H ;10;50;1 HORA(S);AVENIDA;AMAZONAS;ENTRE AVE AFONSO PENA E RUA SAO PAULO;CENTRO;POINT (611045.15 7797094.09)
712;ROTATIVO;MOTOFRETE;SEGUNDA A SEXTA;08:00 ÀS 18:00 H ;10;100;1 HORA(S);AVENIDA;AMAZONAS;ENTRE AVE AFONSO PENA E RUA SAO PAULO;CENTRO;POINT (610988.52 7797063.81)
713;ROTATIVO;MOTOFRETE;SÁBADO;08:00 ÀS 13:00 H ;10;50;1 HORA(S);AVENIDA;AMAZONAS;ENTRE AVE AFONSO PENA E RUA SAO PAULO;CENTRO;POINT (610988.52 7797063.81)
717;ROTATIVO;MOTOFRETE;SEGUNDA A SEXTA;08:00 ÀS 18:00 H ;9;90;1 HORA(S);AVENIDA;OIAPOQUE;ENTRE AVE DO CONTORNO E RUA SAO PAULO;CENTRO;POINT (611107.62 7797680.28)
718;ROTATIVO;MOTOFRETE;SÁBADO;08:00 ÀS 13:00 H ;9;45;1 HORA(S);AVENIDA;OIAPOQUE;ENTRE AVE DO CONTORNO E RUA SAO PAULO;CENTRO;POINT (611107.62 7797680.28)
740;ROTATIVO;MOTOFRETE;SEGUNDA A SEXTA;08:00 ÀS 18:00 H ;12;120;1 HORA(S);AVENIDA;AFONSO PENA;ENTRE RUA TRIFANA E RUA ALFENAS;SERRA;POINT (612735.40 7794295.64)
741;ROTATIVO;MOTOFRETE;SÁBADO;08:00 ÀS 13:00 H ;12;60;1 HORA(S);AVENIDA;AFONSO PENA;ENTRE RUA TRIFANA E RUA ALFENAS;SERRA;POINT (612735.40 7794295.64)
983;ROTATIVO;MOTOFRETE;SÁBADO;08:00 ÀS 13:00 H ;7;35;1 HORA(S);RUA;OURO PRETO;ENTRE RUA DOS GUAJAJARAS E AVE AUGUSTO DE LIMA;BARRO PRETO;POINT (609824.36 7796741.94)
984;ROTATIVO;MOTOFRETE;SEGUNDA A SEXTA;08:00 ÀS 18:00 H ;7;70;1 HORA(S);RUA;OURO PRETO;ENTRE RUA DOS GUAJAJARAS E AVE AUGUSTO DE LIMA;BARRO PRETO;POINT (609824.36 7796741.94)
991;ROTATIVO;MOTOFRETE;SEGUNDA A SEXTA;08:00 ÀS 18:00 H ;21;210;1 HORA(S);RUA;ARAGUARI;ENTRE RUA DOS GOITACAZES E AVE AUGUSTO DE LIMA;BARRO PRETO;POINT (610010.04 7796853.90)
992;ROTATIVO;MOTOFRETE;SÁBADO;08:00 ÀS 13:00 H ;21;105;1 HORA(S);RUA;ARAGUARI;ENTRE RUA DOS GOITACAZES E AVE AUGUSTO DE LIMA;BARRO PRETO;POINT (610010.04 7796853.90)
786;ROTATIVO;MOTOFRETE;SEGUNDA A SEXTA;08:00 ÀS 18:00 H ;8;80;1 HORA(S);RUA;DOS TIMBIRAS;ENTRE RUA PARACATU E AVE BARBACENA;BARRO PRETO;POINT (609633.67 7796629.40)
787;ROTATIVO;MOTOFRETE;SÁBADO;08:00 ÀS 13:00 H ;8;40;1 HORA(S);RUA;DOS TIMBIRAS;ENTRE RUA PARACATU E AVE BARBACENA;BARRO PRETO;POINT (609633.67 7796629.40)
812;ROTATIVO;MOTOFRETE;SEGUNDA A SEXTA;08:00 ÀS 18:00 H ;8;80;1 HORA(S);AVENIDA;GETULIO VARGAS;ENTRE RUA ALAGOAS E AVE DO CONTORNO;SAVASSI;POINT (611101.09 7794853.90)
813;ROTATIVO;MOTOFRETE;SÁBADO;08:00 ÀS 13:00 H ;8;40;1 HORA(S);AVENIDA;GETULIO VARGAS;ENTRE RUA ALAGOAS E AVE DO CONTORNO;SAVASSI;POINT (611101.09 7794853.90)
819;ROTATIVO;MOTOFRETE;SEGUNDA A SEXTA;08:00 ÀS 18:00 H ;14;140;1 HORA(S);AVENIDA;OLEGARIO MACIEL;ENTRE RUA FELIPE DOS SANTOS E AVE DO CONTORNO;SANTO AGOSTINHO;POINT (610041.19 7795409.00)
820;ROTATIVO;MOTOFRETE;SÁBADO;08:00 ÀS 13:00 H ;14;70;1 HORA(S);AVENIDA;OLEGARIO MACIEL;ENTRE RUA FELIPE DOS SANTOS E AVE DO CONTORNO;SANTO AGOSTINHO;POINT (610041.19 7795409.00)
841;ROTATIVO;MOTOFRETE;SEGUNDA A SEXTA;08:00 ÀS 18:00 H ;5;50;1 HORA(S);RUA;EDGARD COELHO;ENTRE RUA PROFESSOR ESTEVAO PINTO E RUA JOSE BENTO SALLES;SERRA;POINT (612562.30 7795268.17)
842;ROTATIVO;MOTOFRETE;SÁBADO;08:00 ÀS 13:00 H ;5;25;1 HORA(S);RUA;EDGARD COELHO;ENTRE RUA PROFESSOR ESTEVAO PINTO E RUA JOSE BENTO SALLES;SERRA;POINT (612562.30 7795268.17)
861;ROTATIVO;MOTOFRETE;SÁBADO;08:00 ÀS 13:00 H ;10;50;1 HORA(S);RUA;MATO GROSSO;ENTRE AVE AUGUSTO DE LIMA E RUA DOS GUAJAJARAS;BARRO PRETO;POINT (610108.95 7796686.23)
862;ROTATIVO;MOTOFRETE;SEGUNDA A SEXTA;08:00 ÀS 18:00 H ;10;100;1 HORA(S);RUA;MATO GROSSO;ENTRE AVE AUGUSTO DE LIMA E RUA DOS GUAJAJARAS;BARRO PRETO;POINT (610108.95 7796686.23)
865;ROTATIVO;MOTOFRETE;SEGUNDA A SEXTA;08:00 ÀS 18:00 H ;14;140;1 HORA(S);RUA;CURITIBA;ENTRE AVE AUGUSTO DE LIMA E RUA DOS GUAJAJARAS;CENTRO;POINT (610669.22 7796618.80)
866;ROTATIVO;MOTOFRETE;SÁBADO;08:00 ÀS 13:00 H ;14;70;1 HORA(S);RUA;CURITIBA;ENTRE AVE AUGUSTO DE LIMA E RUA DOS GUAJAJARAS;CENTRO;POINT (610669.22 7796618.80)
1220;ROTATIVO;MOTOFRETE;SEGUNDA A SEXTA;08:00 ÀS 18:00 H ;9;90;1 HORA(S);RUA;PROFESSOR MORAES;ENTRE RUA TOME DE SOUZA E RUA ANTONIO DE ALBUQUERQUE;SAVASSI;POINT (611827.23 7794977.75)
1221;ROTATIVO;MOTOFRETE;SÁBADO;08:00 ÀS 13:00 H ;9;45;1 HORA(S);RUA;PROFESSOR MORAES;ENTRE RUA TOME DE SOUZA E RUA ANTONIO DE ALBUQUERQUE;SAVASSI;POINT (611827.23 7794977.75)
1237;ROTATIVO;MOTOFRETE;SEGUNDA A SEXTA;08:00 ÀS 18:00 H ;12;120;1 HORA(S);RUA;MARIA LUIZA SANTIAGO;ENTRE ROD BR TREZENTOS E CINQUENTA E SEIS E RUA MARIA LUIZA SANTIAGO;SANTA LÚCIA;POINT (610057.71 7790863.61)
1238;ROTATIVO;MOTOFRETE;SÁBADO;08:00 ÀS 13:00 H ;12;60;1 HORA(S);RUA;MARIA LUIZA SANTIAGO;ENTRE ROD BR TREZENTOS E CINQUENTA E SEIS E RUA MARIA LUIZA SANTIAGO;SANTA LÚCIA;POINT (610057.71 7790863.61)
1010;ROTATIVO;MOTOFRETE;SEGUNDA A SEXTA;08:00 ÀS 18:00 H ;6;60;1 HORA(S);RUA;CEARA;ENTRE RUA DOMINGOS VIEIRA E RUA ALVARES MACIEL;SANTA EFIGÊNIA;POINT (612426.58 7796684.58)
1011;ROTATIVO;MOTOFRETE;SÁBADO;08:00 ÀS 13:00 H ;6;30;1 HORA(S);RUA;CEARA;ENTRE RUA DOMINGOS VIEIRA E RUA ALVARES MACIEL;SANTA EFIGÊNIA;POINT (612426.58 7796684.58)
1038;ROTATIVO;MOTOFRETE;SEGUNDA A SEXTA;08:00 ÀS 18:00 H ;28;280;1 HORA(S);AVENIDA;BRASIL;ENTRE RUA PERNAMBUCO E RUA ALAGOAS;BOA VIAGEM;POINT (611560.00 7795806.02)
1039;ROTATIVO;MOTOFRETE;SÁBADO;08:00 ÀS 13:00 H ;28;140;1 HORA(S);AVENIDA;BRASIL;ENTRE RUA PERNAMBUCO E RUA ALAGOAS;BOA VIAGEM;POINT (611560.00 7795806.02)
1048;ROTATIVO;MOTOFRETE;SEGUNDA A SEXTA;08:00 ÀS 18:00 H ;9;90;1 HORA(S);AVENIDA;BARBACENA;ENTRE RUA ARAGUARI E RUA ALVARENGA PEIXOTO;SANTO AGOSTINHO;POINT (609862.73 7796095.42)
1049;ROTATIVO;MOTOFRETE;SÁBADO;08:00 ÀS 13:00 H ;9;45;1 HORA(S);AVENIDA;BARBACENA;ENTRE RUA ARAGUARI E RUA ALVARENGA PEIXOTO;SANTO AGOSTINHO;POINT (609862.73 7796095.42)
1133;ROTATIVO;MOTOFRETE;SEGUNDA A SEXTA;08:00 ÀS 18:00 H ;7;70;1 HORA(S);RUA;DOS GUAICURUS;ENTRE RUA SAO PAULO E RUA CURITIBA;CENTRO;POINT (610957.44 7797623.91)
1134;ROTATIVO;MOTOFRETE;SÁBADO;08:00 ÀS 13:00 H ;7;35;1 HORA(S);RUA;DOS GUAICURUS;ENTRE RUA SAO PAULO E RUA CURITIBA;CENTRO;POINT (610957.44 7797623.91)
1247;ROTATIVO;MOTOFRETE;SEGUNDA A SEXTA;08:00 ÀS 18:00 H ;4;40;1 HORA(S);RUA;RIO GRANDE DO SUL;ENTRE RUA BERNARDO GUIMARAES E RUA GONCALVES DIAS;SANTO AGOSTINHO;POINT (610115.67 7796165.22)
1248;ROTATIVO;MOTOFRETE;SÁBADO;08:00 ÀS 13:00 H ;4;20;1 HORA(S);RUA;RIO GRANDE DO SUL;ENTRE RUA BERNARDO GUIMARAES E RUA GONCALVES DIAS;SANTO AGOSTINHO;POINT (610115.67 7796165.22)
1262;ROTATIVO;MOTOFRETE;SEGUNDA A SEXTA;08:00 ÀS 18:00 H ;12;120;1 HORA(S);AVENIDA;DO CONTORNO;ENTRE RUA CLAUDIO MANOEL E RUA GONCALVES DIAS;FUNCIONÁRIOS;POINT (612493.40 7795375.79)
1263;ROTATIVO;MOTOFRETE;SÁBADO;08:00 ÀS 13:00 H ;12;60;1 HORA(S);AVENIDA;DO CONTORNO;ENTRE RUA CLAUDIO MANOEL E RUA GONCALVES DIAS;FUNCIONÁRIOS;POINT (612493.40 7795375.79)
1504;ROTATIVO;MOTOFRETE;SEGUNDA A SEXTA;08:00 ÀS 18:00 H ;8;80;1 HORA(S);RUA;RIO GRANDE DO SUL;ENTRE RUA DOS TUPIS E AVE BIAS FORTES;CENTRO;POINT (610322.85 7796947.54)
1505;ROTATIVO;MOTOFRETE;SÁBADO;08:00 ÀS 13:00 H ;8;40;1 HORA(S);RUA;RIO GRANDE DO SUL;ENTRE RUA DOS TUPIS E AVE BIAS FORTES;CENTRO;POINT (610322.85 7796947.54)
1514;ROTATIVO;MOTOFRETE;SEGUNDA A SEXTA;08:00 ÀS 18:00 H ;7;70;1 HORA(S);RUA;SAO PAULO;ENTRE AVE ALVARES CABRAL E AVE BIAS FORTES;LOURDES;POINT (610683.21 7796122.19)
1515;ROTATIVO;MOTOFRETE;SÁBADO;08:00 ÀS 13:00 H ;7;35;1 HORA(S);RUA;SAO PAULO;ENTRE AVE ALVARES CABRAL E AVE BIAS FORTES;LOURDES;POINT (610683.21 7796122.19)
1342;ROTATIVO;MOTOFRETE;SEGUNDA A SEXTA;08:00 ÀS 18:00 H ;20;200;1 HORA(S);RUA;DA BAHIA;ENTRE AVE AFONSO PENA E RUA DOS GOITACAZES;CENTRO;POINT (611249.31 7796665.22)
1343;ROTATIVO;MOTOFRETE;SÁBADO;08:00 ÀS 13:00 H ;20;100;1 HORA(S);RUA;DA BAHIA;ENTRE AVE AFONSO PENA E RUA DOS GOITACAZES;CENTRO;POINT (611249.31 7796665.22)
1353;ROTATIVO;MOTOFRETE;SEGUNDA A SEXTA;08:00 ÀS 18:00 H ;9;90;1 HORA(S);AVENIDA;RAJA GABAGLIA;ENTRE RUA CACHOEIRA DE MINAS E RUA PROFESSOR BARONI;GUTIERREZ;POINT (609162.47 7794329.19)
1354;ROTATIVO;MOTOFRETE;SÁBADO;08:00 ÀS 13:00 H ;9;45;1 HORA(S);AVENIDA;RAJA GABAGLIA;ENTRE RUA CACHOEIRA DE MINAS E RUA PROFESSOR BARONI;GUTIERREZ;POINT (609162.47 7794329.19)
1362;ROTATIVO;MOTOFRETE;SEGUNDA A SEXTA;08:00 ÀS 18:00 H ;7;70;1 HORA(S);AVENIDA;RAJA GABAGLIA;ENTRE RUA TREZE DE SETEMBRO E RUA RADIANTE;ALPES;POINT (608851.58 7793311.47)
1363;ROTATIVO;MOTOFRETE;SÁBADO;08:00 ÀS 13:00 H ;7;35;1 HORA(S);AVENIDA;RAJA GABAGLIA;ENTRE RUA TREZE DE SETEMBRO E RUA RADIANTE;ALPES;POINT (608851.58 7793311.47)
1396;ROTATIVO;MOTOFRETE;SEGUNDA A SEXTA;08:00 ÀS 18:00 H ;10;100;1 HORA(S);RUA;GOIAS;ENTRE RUA DA BAHIA E AVE ALVARES CABRAL;CENTRO;POINT (611323.43 7796529.19)
1397;ROTATIVO;MOTOFRETE;SÁBADO;08:00 ÀS 13:00 H ;10;50;1 HORA(S);RUA;GOIAS;ENTRE RUA DA BAHIA E AVE ALVARES CABRAL;CENTRO;POINT (611323.43 7796529.19)
1481;ROTATIVO;MOTOFRETE;SEGUNDA A SEXTA;08:00 ÀS 18:00 H ;20;200;1 HORA(S);RUA;DOS TUPINAMBAS;ENTRE AVE AMAZONAS E RUA RIO DE JANEIRO;CENTRO;POINT (611169.64 7797246.66)
1482;ROTATIVO;MOTOFRETE;SÁBADO;08:00 ÀS 13:00 H ;20;100;1 HORA(S);RUA;DOS TUPINAMBAS;ENTRE AVE AMAZONAS E RUA RIO DE JANEIRO;CENTRO;POINT (611169.64 7797246.66)
1488;ROTATIVO;MOTOFRETE;SÁBADO;08:00 ÀS 13:00 H ;6;30;1 HORA(S);RUA;DOS TUPIS;ENTRE RUA ESPIRITO SANTO E RUA RIO DE JANEIRO;CENTRO;POINT (611106.63 7796828.29)
1489;ROTATIVO;MOTOFRETE;SEGUNDA A SEXTA;08:00 ÀS 18:00 H ;6;60;1 HORA(S);RUA;DOS TUPIS;ENTRE RUA ESPIRITO SANTO E RUA RIO DE JANEIRO;CENTRO;POINT (611106.63 7796828.29)
1761;ROTATIVO;MOTOFRETE;SEGUNDA A SEXTA;08:00 ÀS 18:00 H ;20;200;1 HORA(S);RUA;CURITIBA;ENTRE RUA DOS TUPINAMBAS E RUA DOS CARIJOS;CENTRO;POINT (610852.72 7797309.01)
1762;ROTATIVO;MOTOFRETE;SÁBADO;08:00 ÀS 13:00 H ;20;100;1 HORA(S);RUA;CURITIBA;ENTRE RUA DOS TUPINAMBAS E RUA DOS CARIJOS;CENTRO;POINT (610852.72 7797309.01)
1768;ROTATIVO;MOTOFRETE;SEGUNDA A SEXTA;08:00 ÀS 18:00 H ;18;180;1 HORA(S);RUA;RIO GRANDE DO SUL;ENTRE RUA DOS TUPINAMBAS E RUA DOS CARIJOS;CENTRO;POINT (610444.36 7797404.33)
1769;ROTATIVO;MOTOFRETE;SÁBADO;08:00 ÀS 13:00 H ;18;90;1 HORA(S);RUA;RIO GRANDE DO SUL;ENTRE RUA DOS TUPINAMBAS E RUA DOS CARIJOS;CENTRO;POINT (610444.36 7797404.33)
1772;ROTATIVO;MOTOFRETE;SEGUNDA A SEXTA;08:00 ÀS 18:00 H ;27;270;1 HORA(S);RUA;SAO PAULO;ENTRE AVE AMAZONAS E RUA DOS CARIJOS;CENTRO;POINT (610934.37 7797115.98)
1773;ROTATIVO;MOTOFRETE;SÁBADO;08:00 ÀS 13:00 H ;27;135;1 HORA(S);RUA;SAO PAULO;ENTRE AVE AMAZONAS E RUA DOS CARIJOS;CENTRO;POINT (610934.37 7797115.98)
1548;ROTATIVO;MOTOFRETE;SÁBADO;08:00 ÀS 13:00 H ;12;60;1 HORA(S);RUA;DOS TAMOIOS;ENTRE RUA CURITIBA E AVE PARANA;CENTRO;POINT (610740.06 7797060.07)
1549;ROTATIVO;MOTOFRETE;SEGUNDA A SEXTA;08:00 ÀS 18:00 H ;12;120;1 HORA(S);RUA;DOS TAMOIOS;ENTRE RUA CURITIBA E AVE PARANA;CENTRO;POINT (610740.06 7797060.07)
1605;ROTATIVO;MOTOFRETE;SEGUNDA A SEXTA;08:00 ÀS 18:00 H ;14;140;1 HORA(S);AVENIDA;JOAO PINHEIRO;ENTRE RUA DOS GUAJAJARAS E RUA DOS TIMBIRAS;BOA VIAGEM;POINT (611316.08 7796304.79)
1606;ROTATIVO;MOTOFRETE;SÁBADO;08:00 ÀS 13:00 H ;14;70;1 HORA(S);AVENIDA;JOAO PINHEIRO;ENTRE RUA DOS GUAJAJARAS E RUA DOS TIMBIRAS;BOA VIAGEM;POINT (611316.08 7796304.79)
1618;ROTATIVO;MOTOFRETE;SEGUNDA A SEXTA;08:00 ÀS 18:00 H ;9;90;1 HORA(S);RUA;RIO DE JANEIRO;ENTRE RUA DOS GUAJAJARAS E RUA DOS TIMBIRAS;LOURDES;POINT (610894.98 7796422.99)
1619;ROTATIVO;MOTOFRETE;SÁBADO;08:00 ÀS 13:00 H ;9;45;1 HORA(S);RUA;RIO DE JANEIRO;ENTRE RUA DOS GUAJAJARAS E RUA DOS TIMBIRAS;LOURDES;POINT (610894.98 7796422.99)
1647;ROTATIVO;MOTOFRETE;SEGUNDA A SEXTA;08:00 ÀS 18:00 H ;10;100;1 HORA(S);RUA;PERNAMBUCO;ENTRE RUA SANTA RITA DURAO E RUA DOS INCONFIDENTES;SAVASSI;POINT (611471.76 7795320.26)
1648;ROTATIVO;MOTOFRETE;SÁBADO;08:00 ÀS 13:00 H ;10;50;1 HORA(S);RUA;PERNAMBUCO;ENTRE RUA SANTA RITA DURAO E RUA DOS INCONFIDENTES;SAVASSI;POINT (611471.76 7795320.26)
1660;ROTATIVO;MOTOFRETE;SÁBADO;08:00 ÀS 13:00 H ;9;45;1 HORA(S);AVENIDA;BRASIL;ENTRE AVE AFONSO PENA E RUA PERNAMBUCO;FUNCIONÁRIOS;POINT (611717.52 7795897.14)
1661;ROTATIVO;MOTOFRETE;SEGUNDA A SEXTA;08:00 ÀS 18:00 H ;9;90;1 HORA(S);AVENIDA;BRASIL;ENTRE AVE AFONSO PENA E RUA PERNAMBUCO;FUNCIONÁRIOS;POINT (611717.52 7795897.14)
1671;ROTATIVO;MOTOFRETE;SEGUNDA A SEXTA;08:00 ÀS 18:00 H ;7;70;1 HORA(S);AVENIDA;PROFESSOR MARIO WERNECK;ENTRE AVE ENGENHEIRO CARLOS GOULART E RUA WALTER GUIMARAES FIGUEIREDO;BURITIS;POINT (608462.35 7791728.13)
1672;ROTATIVO;MOTOFRETE;SÁBADO;08:00 ÀS 13:00 H ;7;35;1 HORA(S);AVENIDA;PROFESSOR MARIO WERNECK;ENTRE AVE ENGENHEIRO CARLOS GOULART E RUA WALTER GUIMARAES FIGUEIREDO;BURITIS;POINT (608462.35 7791728.13)
1677;ROTATIVO;MOTOFRETE;SEGUNDA A SEXTA;08:00 ÀS 18:00 H ;7;70;1 HORA(S);AVENIDA;PROFESSOR MARIO WERNECK;ENTRE RUA JOSE RODRIGUES PEREIRA E RUA WALTER GUIMARAES FIGUEIREDO;BURITIS;POINT (608330.61 7791577.36)
1678;ROTATIVO;MOTOFRETE;SÁBADO;08:00 ÀS 13:00 H ;7;35;1 HORA(S);AVENIDA;PROFESSOR MARIO WERNECK;ENTRE RUA JOSE RODRIGUES PEREIRA E RUA WALTER GUIMARAES FIGUEIREDO;BURITIS;POINT (608330.61 7791577.36)
1697;ROTATIVO;MOTOFRETE;SEGUNDA A SEXTA;08:00 ÀS 18:00 H ;14;140;1 HORA(S);RUA;DOS GOITACAZES;ENTRE RUA DA BAHIA E RUA ESPIRITO SANTO;CENTRO;POINT (611142.71 7796663.30)
1698;ROTATIVO;MOTOFRETE;SÁBADO;08:00 ÀS 13:00 H ;14;70;1 HORA(S);RUA;DOS GOITACAZES;ENTRE RUA DA BAHIA E RUA ESPIRITO SANTO;CENTRO;POINT (611142.71 7796663.30)
1705;ROTATIVO;MOTOFRETE;SEGUNDA A SEXTA;08:00 ÀS 18:00 H ;18;180;1 HORA(S);RUA;DOS CARIJOS;ENTRE RUA DA BAHIA E RUA ESPIRITO SANTO;CENTRO;POINT (611251.05 7797069.39)
1706;ROTATIVO;MOTOFRETE;SÁBADO;08:00 ÀS 13:00 H ;18;90;1 HORA(S);RUA;DOS CARIJOS;ENTRE RUA DA BAHIA E RUA ESPIRITO SANTO;CENTRO;POINT (611251.05 7797069.39)
1721;ROTATIVO;MOTOFRETE;SEGUNDA A SEXTA;08:00 ÀS 18:00 H ;6;60;1 HORA(S);RUA;SANTA RITA DURAO;ENTRE RUA ALAGOAS E RUA SERGIPE;SAVASSI;POINT (611346.35 7795460.39)
1722;ROTATIVO;MOTOFRETE;SÁBADO;08:00 ÀS 13:00 H ;6;30;1 HORA(S);RUA;SANTA RITA DURAO;ENTRE RUA ALAGOAS E RUA SERGIPE;SAVASSI;POINT (611346.35 7795460.39)
1736;ROTATIVO;MOTOFRETE;SEGUNDA A SEXTA;08:00 ÀS 18:00 H ;14;140;1 HORA(S);AVENIDA;GETULIO VARGAS;ENTRE RUA BERNARDO GUIMARAES E RUA PIAUI;FUNCIONÁRIOS;POINT (612290.93 7795516.93)
1737;ROTATIVO;MOTOFRETE;SÁBADO;08:00 ÀS 13:00 H ;14;70;1 HORA(S);AVENIDA;GETULIO VARGAS;ENTRE RUA BERNARDO GUIMARAES E RUA PIAUI;FUNCIONÁRIOS;POINT (612290.93 7795516.93)
1743;ROTATIVO;MOTOFRETE;SEGUNDA A SEXTA;08:00 ÀS 18:00 H ;9;90;1 HORA(S);RUA;DOMINGOS VIEIRA;ENTRE RUA MARANHAO E RUA PIAUI;SANTA EFIGÊNIA;POINT (612600.41 7796722.09)
1744;ROTATIVO;MOTOFRETE;SÁBADO;08:00 ÀS 13:00 H ;9;45;1 HORA(S);RUA;DOMINGOS VIEIRA;ENTRE RUA MARANHAO E RUA PIAUI;SANTA EFIGÊNIA;POINT (612600.41 7796722.09)
1802;ROTATIVO;MOTOFRETE;SEGUNDA A SEXTA;08:00 ÀS 18:00 H ;66;660;1 HORA(S);AVENIDA;BRASIL;ENTRE ALA JOSE MARIA ALKIMIM E RUA CINCO MIL E CEM;SERRA VERDE;POINT (609440.95 7812409.62)
1803;ROTATIVO;MOTOFRETE;SÁBADO;08:00 ÀS 13:00 H ;66;330;1 HORA(S);AVENIDA;BRASIL;ENTRE ALA JOSE MARIA ALKIMIM E RUA CINCO MIL E CEM;SERRA VERDE;POINT (609440.95 7812409.62)
